pose,ENER,GRMS,DELTA,BOND,ANGL,UREY,DIHE,IMPR,VDW,ELEC
initial,0.0,0.0,0.0,0.0,0.0,0.0,0.0,0.0,0.0,0.0
1,409.9270059989059,0.0,-409.9270059989059,63.757223321554626,43.65818042342819,4.186255317434939,44.8281033006974,0.05295722244397818,270.07133775921005,-16.627051345863308
2,60.46716755645551,0.0,-60.46716755645551,0.6632266703955008,16.382442578876322,0.2656261494348004,37.86674279914933,3.049540153821217,43.71762282405897,-41.478033619280616
3,90.65281819491202,0.0,-90.65281819491202,1.1207268865304028,17.079299803565416,1.7753199257458896,30.911927467768542,0.18902371618074168,74.94202679371158,-35.36550639859056
4,21.91234070337745,0.0,-21.91234070337745,-0.29773279538797226,4.580527613157999,1.0510282138400626,29.194538060827846,0.33945855267340524,20.032997370270373,-32.98847631200426
5,82.70268450361048,0.0,-82.70268450361048,2.8822338015243467,20.91114936947785,1.521335492838068,31.936513179402432,0.018503253583435936,68.08154765598499,-42.64859824920065
6,404.5795462803378,0.0,-404.5795462803378,75.98869744499743,43.10603517008671,4.411907460854301,41.65913147338947,0.09489634012883283,259.1564494935655,-19.837571102684407
7,50.1026132300471,0.0,-50.1026132300471,0.9458974820313752,16.492862916050516,0.4536771989029697,32.93803188309587,2.5587980888896467,39.43457476325153,-42.721229102174824
8,406.851958545607,0.0,-406.851958545607,65.73460898370082,43.770029013367015,4.2914429959012566,44.611562861876294,0.03982305172795728,268.71668445217387,-20.312192813140214
9,390.94060187191684,0.0,-390.94060187191684,70.21761311904876,40.23875232294773,4.4482052091480995,38.63014993626108,0.44137708486997157,264.00348497908595,-27.038980779444678
10,373.9530114015801,0.0,-373.9530114015801,71.50696532315513,39.92178304987155,4.254850728623032,19.805634735584196,0.21730000299100982,262.67823938015744,-24.431761818802165
11,393.669211391778,0.0,-393.669211391778,70.36446519699926,42.97382912662307,4.1164304140598835,41.05914562586301,0.40138733205212773,259.9685373197234,-25.214583623542744
12,409.3397960451793,0.0,-409.3397960451793,65.69335356800383,48.840795934611954,5.437250300069253,44.36936235354583,0.2667465827837156,274.324437771469,-29.592150465304194
13,50.78067526133526,0.0,-50.78067526133526,1.5818622118486299,8.512170185158741,0.42081420078207715,51.79286786644821,0.2775711990041645,26.87603490434649,-38.68064530625306
14,29.695084868023354,0.0,-29.695084868023354,-0.2146091859124466,11.071904799580818,0.6377683559025364,32.220306680460794,0.053461563711179334,26.792201240875265,-40.865948586594804
15,40.71620372565722,0.0,-40.71620372565722,0.7539859716269155,7.3976062815738555,0.8099390639472337,41.86446170425214,0.035762535483516884,23.387989615274122,-33.53354144650056
16,1.267979810537451,0.0,-1.267979810537451,0.47248604707221764,2.184133016664482,0.3406677533670474,13.676802013412608,0.038315826987215584,17.786609750197755,-33.23103459716388
17,390.407738961883,0.0,-390.407738961883,69.63079983105192,43.32516072894653,3.6902589865334465,39.275510921559004,0.15443087190183105,260.36175753561633,-26.030179913726094
18,24.531889699540994,0.0,-24.531889699540994,0.24499349536559611,11.006506813292056,0.7344171627035818,25.831954205747728,0.04224210850219825,30.063123634949136,-43.39134772101931
19,55.77325633462158,0.0,-55.77325633462158,1.3704304848238809,17.739154882791755,0.3246928479749221,34.43237787813058,2.9073643403878346,40.26382835170087,-41.26459245118827
20,1.919422451151771,0.0,-1.919422451151771,-0.21289235457357947,9.775990158002815,0.2707900095453966,36.482902481591054,0.001837536908719281,2.975735051735496,-47.37494043205812
21,53.73086950675139,0.0,-53.73086950675139,0.7492425866008601,13.944842788049206,0.43450078725743985,35.83387380904453,1.1304709267081559,40.64770344905232,-39.00976483996113
22,15.15166182235033,0.0,-15.15166182235033,0.6157214498988859,4.971349289781186,0.24559855161715027,35.75224914319559,0.1306024176484804,6.595532505093809,-33.15939153488477
23,46.81423958141745,0.0,-46.81423958141745,0.9850366745768113,12.848151872947655,0.512912799915161,53.90544253246315,0.16782517816048842,15.474860914706772,-37.07999039135259
24,46.077429114479145,0.0,-46.077429114479145,2.435330276535657,10.478982067836364,1.6506201832472955,21.025182484374874,0.25338371256673603,36.96839319734101,-26.734462807422794
25,-0.21046411698101863,0.0,0.21046411698101863,0.3518704810369142,7.260725847187119,0.5054784563986281,24.8642040093065,0.03845528440584372,7.742825987611068,-40.97402418292709
26,77.31301477420254,0.0,-77.31301477420254,2.0759175650493873,17.906992388248874,0.9613924265193097,36.523235646910095,0.21237887187860224,59.58574289990134,-39.95264502430508
27,438.14409785516375,0.0,-438.14409785516375,65.08326936914222,55.625812820938734,6.775650615125691,42.6293093001584,0.2712981629377037,289.6701043035336,-21.911346716672547
28,428.2026296797324,0.0,-428.2026296797324,65.14576757650332,54.81286077962383,6.837439106317916,50.76331259700782,0.05469383980164381,289.53448837377607,-38.94593259329812
29,16.34725030886167,0.0,-16.34725030886167,1.1437150792562822,12.982747614803463,0.5815687384762447,24.608287473824447,0.21344533324043244,23.361436583021955,-46.54395051376115
30,-0.3151030872414431,0.0,0.3151030872414431,0.5034102097315776,13.856031393208719,0.4072481920552837,31.734712143298403,0.012952376862014694,2.9310849880640735,-49.76054239046152
31,384.46656049698987,0.0,-384.46656049698987,63.2849314674341,40.41194820088367,3.885468033259746,47.955610874342746,-0.008350533215121848,261.64045649017055,-32.703504035885864
32,400.9407439886348,0.0,-400.9407439886348,64.74897747934742,43.24430381862516,4.280595047623844,44.95183740174992,0.03643111935973818,266.1412101024639,-22.46261098053514
33,19.845842073731045,0.0,-19.845842073731045,0.33616316444545946,3.3662091276549284,0.13213558815257959,26.110403489341856,0.15358973579511015,26.720932493594724,-36.97359152525362
34,396.32741311255,0.0,-396.32741311255,72.45126284386674,43.342388600731574,4.815732597417837,34.184201146713804,0.14691210120522252,266.1024195670046,-24.715503744389714
35,55.2228747568967,0.0,-55.2228747568967,0.4312402110066138,57.09366599710811,3.105199791443921,12.887386814695933,-0.0012319026681921405,22.472239321540073,-40.76562547622978
36,51.45515830547163,0.0,-51.45515830547163,1.7285826483542008,17.766736383589084,0.8406582705762828,32.61752978549314,0.6985276647225805,47.166724969306344,-49.36360141657
37,35.103788887121,0.0,-35.103788887121,0.420338443583002,9.454726386641221,0.27234922465493194,52.97194041352972,0.13984970109560632,8.275756908584862,-36.43117219096835
38,91.13767356369239,0.0,-91.13767356369239,1.8629057304895973,18.14989780537214,2.0413176422525807,35.02061564726087,0.15272158796392565,80.45557014840627,-46.54535499805299
39,36.91139722912931,0.0,-36.91139722912931,-0.21659373944200988,6.742506566625426,-0.016726274035056832,63.38209335885875,0.40918239647559446,-2.201502895415759,-31.18756218393765
40,2.6164659124806597,0.0,-2.6164659124806597,0.539525207952781,4.94323195148225,0.4843920873164969,39.01435867406896,0.009728133893981555,1.0629637598224715,-43.43773390205627
41,58.48187009720655,0.0,-58.48187009720655,1.0798355836951203,10.582377416452472,0.871830225388083,52.29227333755384,0.17757137374355283,29.61519527347918,-36.137213113105695
42,43.206812222996874,0.0,-43.206812222996874,1.2176180595976382,14.925946229603374,0.6723745252476816,32.255950427107805,1.372038521728385,40.35946497008271,-47.59658051037072
43,13.734933267909991,0.0,-13.734933267909991,0.20118109663050765,6.472564105972644,0.4747702142197459,18.55160789451559,0.04011565976736283,26.6236178934021,-38.62892359659795
44,10.889706486801199,0.0,-10.889706486801199,0.5208578000239581,7.934208030588218,0.6181657383615216,28.83956507981062,-0.004087949523490239,13.714638452050695,-40.733640664510325
45,445.52192601626996,0.0,-445.52192601626996,61.68166892903431,45.60429794520967,5.835832475963049,55.66239461411717,0.09929205910777819,296.0318251282802,-19.393385135442294
46,-9.906736910458338,0.0,9.906736910458338,-0.137556069103701,4.447627835787102,0.32650422515005045,23.147681092141916,-0.007970730762216417,12.335134294823776,-50.01815755849527
47,409.13542719927773,0.0,-409.13542719927773,66.0645082614281,49.83803196466082,5.692024052473497,45.26389862958848,0.24705500863356178,278.996886639805,-36.96697735731167
48,26.460554685945805,0.0,-26.460554685945805,-0.2700762477134959,7.248000087267975,0.3424993640806125,36.68613658647004,0.19156171487771925,1.070782498196051,-18.8083493172331
49,45.56836535314319,0.0,-45.56836535314319,0.3460928800584968,13.076981709124782,0.3973907151948303,44.27578849281372,0.9938191443009915,26.200513567300703,-39.72222115565034
50,-6.776483725166205,0.0,6.776483725166205,0.41889137697679146,5.5408914747331774,0.4534723070628784,18.559405660248082,0.06725317724848576,10.757867242377815,-42.57426496381343
51,5.820717023374481,0.0,-5.820717023374481,0.7914422551072384,3.853637436175824,0.4413189308781957,13.658443029049781,0.004900473350161617,15.665574545146201,-28.594599646332917
52,93.18997456267714,0.0,-93.18997456267714,1.5611851007782174,27.57649879704725,1.0121010198113936,43.892776179584324,0.39541295599540754,55.671620227379655,-36.91961971791908
53,61.22166616096145,0.0,-61.22166616096145,1.4791035221175188,10.8410744641811,1.4739580072216647,52.813353635005235,0.36969777867551007,35.95693952784206,-41.71246077408164
54,16.179453257202955,0.0,-16.179453257202955,-0.42684933819278625,5.020054370521104,0.6081242266807563,19.783552934108428,0.9551905308863002,-1.3007852471770356,-8.459834219623815
55,-22.924517307235288,0.0,22.924517307235288,-0.2475052302624925,2.762712520470233,0.37825985198755235,4.987128306574211,0.5556081675374758,-9.103521613424569,-22.2571993101177
56,68.5883130941019,0.0,-68.5883130941019,0.5549488771078956,16.24967039166408,0.4568222547632543,37.92327116069063,1.0414193085010977,49.955495179691475,-37.593314078316546
57,0.45102264341448617,0.0,-0.45102264341448617,-0.09552541946551374,5.311480446859198,0.5149073530420076,25.015137610713634,0.03731390394692018,12.265056122572892,-42.597347374254646
58,59.97981711751659,0.0,-59.97981711751659,1.2922606253093885,14.149945721814051,0.8872519128294794,51.61203807478659,0.07532417625413629,24.553829872079426,-32.59083326555649
59,-0.21838667204911744,0.0,0.21838667204911744,1.2734462245056868,7.0332280611236015,0.5578111457718036,1.6720642100867975,0.07403999458331795,6.122321271156393,-16.951297579276712
60,27.4156171484636,0.0,-27.4156171484636,-0.5435500386415932,2.5191086027674916,0.10878246067785302,26.351925946844204,0.4626919127209969,10.883930291153538,-12.367272027058888
61,345.8565538653999,0.0,-345.8565538653999,57.74006073436064,37.777130959009625,5.195388572306958,36.09863404166233,0.19877749854489696,256.3672586522624,-47.52069659274692
62,-24.16824312244302,0.0,24.16824312244302,-0.788728507400589,2.2299107960602407,0.017126619332823723,17.926540844959717,0.006994049300531043,-2.2879630621813547,-41.272123862514384
63,29.55111260805702,0.0,-29.55111260805702,0.04991143633341766,11.312552583537906,0.45041454923155916,45.81675311830287,1.34202876974694,20.923297282592358,-50.343845131688035
64,-6.65785790814579,0.0,6.65785790814579,0.14113757772407665,2.7249274315606793,0.10751133509965632,20.557155371727575,0.04121368001797229,0.38968450424306234,-30.619487808518805
65,16.721789423297363,0.0,-16.721789423297363,0.09261755014755124,14.398340509780924,0.2988837857360254,39.94395925971523,0.047775817700347833,10.634389688479738,-48.69417718826245
66,-9.360379517280212,0.0,9.360379517280212,1.1052384344096025,4.035575194933525,0.5578009748908654,14.918968164409652,0.004196408039723203,6.520135748620051,-36.502294442583626
67,402.25971715953716,0.0,-402.25971715953716,47.13328751963183,47.01056110630845,3.4377656984358675,49.765172981134825,0.12210281656584354,274.1452216710747,-19.354394633614277
68,82.5663094916072,0.0,-82.5663094916072,0.14569982128830006,15.813619929650178,0.3588085980122308,43.06987935063002,0.5745976958823206,31.108405621941557,-8.504701525797408
69,129.094462852896,0.0,-129.094462852896,1.6556404120359316,21.29464180921943,0.9900561879267207,66.11829845426625,0.6878963274687965,68.23347750221038,-29.885547840231546
70,40.683272923473496,0.0,-40.683272923473496,0.9260152445172545,15.35589291806618,0.29670876964702203,46.62502269607705,0.13867088335778188,3.6409293373324427,-26.299966925524238
71,-0.3837834961378981,0.0,0.3837834961378981,-0.03724231090277552,9.640381349789278,0.1482815353546061,28.14417212862611,0.16308666547690634,3.845385433826282,-42.2878482983083
72,-5.659294088711103,0.0,5.659294088711103,0.4186820386808652,1.9395696405568192,0.3704249269991114,14.342526053843269,0.019072577739701398,15.287111489605453,-38.03668081613632
73,43.8718288055059,0.0,-43.8718288055059,1.7732678636244357,10.766381678025622,0.5207542879099338,47.88530673458245,0.1479904486983106,16.926918656788125,-34.14879086412298
74,16.26641391236498,0.0,-16.26641391236498,0.021213671918285826,13.347210273719751,0.13990471149698397,45.14083212783148,0.03105832668872891,-6.270101377191585,-36.143703822098665
75,118.91828168534326,0.0,-118.91828168534326,2.0024222238996003,23.311012121998527,1.2039352508968268,59.977475945785876,0.1783445733318501,67.90980778240908,-35.66471621297848
76,65.94561417152886,0.0,-65.94561417152886,0.34154765180022295,53.99017954715536,3.3553262491446083,17.056597070798706,0.07958073556037001,17.939658062855862,-26.81727514578626
77,1.0208807013894976,0.0,-1.0208807013894976,0.6236445200188285,5.821123563988383,0.23325665753437402,17.79581828690765,0.03388688881493517,23.313391675057346,-46.80024089093201
78,32.49461184803512,0.0,-32.49461184803512,1.0127557961052047,6.5102581114395335,0.4989664446728365,46.07854087503726,0.16227730063678475,7.105874988295296,-28.87406166815179
79,28.508837971376206,0.0,-28.508837971376206,0.5488925742085127,5.28430334216209,0.34955752608103635,22.48987730472036,4.415060246136526e-05,-1.765448397670209,1.6016114712719514
80,95.79512420642007,0.0,-95.79512420642007,4.225604378202397,47.806559681726846,4.171553084889841,27.98440844325369,0.12931529566286598,54.59135641343129,-43.113673090746865
81,30.810053354766946,0.0,-30.810053354766946,0.4782456027479478,11.160181460852172,0.3097781329441766,32.00624516022527,0.7715930333547439,25.043025647400547,-38.9590156827579
82,104.76842691369275,0.0,-104.76842691369275,0.7646038866489238,14.32815176977242,0.3809055779819664,50.776942369407614,0.32456827882814776,45.59681580639769,-7.4035607753439905
83,361.83641935100223,0.0,-361.83641935100223,70.30685993641345,37.819449469207115,4.539349241831326,9.09167561260482,0.13563392386648174,275.27696797363524,-35.333516806556126
84,38.80515690173486,0.0,-38.80515690173486,0.21528548957356453,7.294877003322469,0.4806950993296171,26.906882387806874,0.8953604783605713,27.81172943248358,-24.79967298914182
85,-38.18702201351459,0.0,38.18702201351459,0.17833025438804784,8.598651102396241,0.15666736397866893,2.3742146015650745,-0.009061826114633827,-8.814700162523788,-40.67112334720421
86,-0.5652518684896002,0.0,0.5652518684896002,-0.42401998128775364,4.22312261710783,0.39855469651968817,17.32273781958395,0.514227367789473,-9.471937446084969,-13.12793694211782
87,-6.372495404919032,0.0,6.372495404919032,-0.4172754520220914,2.557975452900155,0.36389233348436406,10.99977619071661,-0.002247329684954282,18.85861416320911,-38.73323076352222
88,68.25992763736237,0.0,-68.25992763736237,0.6172729790810996,58.139242098876814,3.4330993924487876,8.746020713344759,-0.005151639733666979,25.946997563689692,-28.617553470345136
89,-33.2520368511951,0.0,33.2520368511951,-0.2667271226880401,0.16982777721178755,0.04542991071715535,0.6263319149101765,0.07240784685520352,-17.63654716494669,-16.2627600132547
90,21.024349168552728,0.0,-21.024349168552728,0.9603067836724954,4.383046443757637,0.25997405090786124,33.57143059902935,0.07932605152691968,17.129770583787923,-35.35950534412945
91,-31.493737780580123,0.0,31.493737780580123,-0.02074394551565728,1.9390737651975072,0.17493592564825178,1.5376288674712546,0.13055073162691663,-11.146081952608633,-24.109101172399768
92,47.159334312474215,0.0,-47.159334312474215,-0.7702807831585252,5.284997883463673,0.503964883213605,30.443710503931776,0.8525224618822694,21.170875905340225,-10.326456542198805
93,23.61323787716972,0.0,-23.61323787716972,0.1645616575958786,6.480007208436925,0.8564841437034145,22.549768176732357,0.28384024859803075,25.281187288355028,-32.00261084625192
94,-35.89959786196755,0.0,35.89959786196755,0.551897894939986,2.007767057408198,0.17885374505287477,5.230567328884352,0.15360769977875913,-15.628624716878226,-28.393666871153492
95,4.265773547161178,0.0,-4.265773547161178,0.4480454001806313,6.977829412035446,0.44740542416369417,17.495813878078565,0.03279805415472499,-0.7082747262918598,-20.427843895160024
96,383.27453687690587,0.0,-383.27453687690587,68.93450660726424,35.99932465417923,3.7373574708194237,27.3223133608941,0.2910755636437473,269.45570585907757,-22.465746638972426
97,36.20466204424915,0.0,-36.20466204424915,0.8531516451942505,15.301743789421378,0.6681071437208479,33.60763672783366,1.510120795922725,37.14427208131064,-52.88037013915436
98,-4.120551720066363,0.0,4.120551720066363,0.09764118059387084,5.491090753934181,0.1264292879218319,20.829570908659335,1.0719413714166335,12.46368437697467,-44.20090959956689
99,19.3973386439317,0.0,-19.3973386439317,0.3971351877161573,13.971798932019604,0.4969375959101438,34.48858033015839,0.3704687092974405,14.3441718022237,-44.67175391339374
100,340.30091365740645,0.0,-340.30091365740645,55.87989255893293,36.15886697261924,4.964602380137746,43.043071357294316,0.020054398394852766,239.97106361305333,-39.73663762302592
101,2.9391512900231156,0.0,-2.9391512900231156,0.44013936498579564,4.859712597299019,0.2620317889327893,16.433361624938552,0.038733830404663924,19.426862671439828,-38.52169058797754
102,1.278878387378608,0.0,-1.278878387378608,0.1453612795165955,5.350680903133064,0.5814873370176918,7.040540132099484,0.011941065572687516,26.601886193754567,-38.45301852371548
103,61.30375047855068,0.0,-61.30375047855068,-0.1695204519711937,55.27049247874133,3.3771168015653323,12.092234115373014,0.07245831950350173,20.046426351922698,-29.385457136584
104,15.100418378447113,0.0,-15.100418378447113,5.632253384112444,3.3798703434448263,0.2638936590685613,27.49283499458835,0.24359077188384798,5.750683037501295,-27.6627078121522
105,-39.01442336114293,0.0,39.01442336114293,0.02470726617780672,5.932021079270752,0.0443111487582325,3.7384662043643173,0.0006238262530809252,-4.03658421529857,-44.71796867066855
106,-2.438628446948929,0.0,2.438628446948929,-0.2926135742474416,5.565953459055903,0.9591106823191291,21.958985486707405,0.0797574750838892,16.558396893659136,-47.268218869526955
107,203.8259580329535,0.0,-203.8259580329535,4.682519389494214,42.970766349284276,2.8312519618782335,57.72421330957416,0.2871113281645986,118.01151315058591,-22.681417456027866
108,9.676140765203652,0.0,-9.676140765203652,-0.5898756798331415,2.9354927796585186,0.1947304197985436,30.707051095431765,0.07475901719728106,4.8197472743691865,-28.465764141418497
109,71.23855422966001,0.0,-71.23855422966001,1.4947446578557546,17.80168108289403,1.1416459119430518,33.54890919394391,0.09290598955213639,67.63834684007617,-50.47967944660504
110,23.492941224900758,0.0,-23.492941224900758,0.33344732949271627,8.189592936859356,0.4152869441704458,33.73718017892661,0.05669445837515987,6.194914304380115,-25.43417492730365
111,48.512543727361546,0.0,-48.512543727361546,0.13689622788496525,13.250044880581923,0.38686524292965146,40.36449621496642,0.530572843590885,24.18794465173702,-30.344276334329315
112,42.644797961126145,0.0,-42.644797961126145,0.20890637162962422,13.026091698209248,0.4828574530119731,38.28765811802463,0.3582201126048529,12.175874054872425,-21.894809847226604
113,341.5148512255241,0.0,-341.5148512255241,56.701169684038454,35.92865725475459,5.292593777909566,40.829407917339076,0.04538448550633469,241.24073575581386,-38.52309764983773
114,54.89093086219948,0.0,-54.89093086219948,1.1217215000447096,13.994785572341813,0.4710872051354897,40.02692532118266,1.3609376304297864,30.552096190823804,-32.63662255775878
115,27.541361151951232,0.0,-27.541361151951232,0.6380722222608375,6.605355592521626,0.42630465085187425,15.879462537710388,0.1413621904915649,32.74026606319174,-28.889462105076795
116,-39.9792065667378,0.0,39.9792065667378,-0.26122031668507173,-0.15130488120094965,0.05063331305650581,10.207738094933923,0.027359118394642827,-20.103803156132443,-29.748608739104405
117,369.96835495458055,0.0,-369.96835495458055,32.76411066836295,32.150746374379544,4.145701648518502,33.1994752094897,0.318754468993022,284.95743947471937,-17.567872889882544
118,-11.593334230573038,0.0,11.593334230573038,-0.33886769693687935,3.5186178518056335,0.07686406309662402,17.626595035537328,0.029998610857550886,6.1479050153561,-38.65444711028939
119,5.558572102802383,0.0,-5.558572102802383,0.4721523806857255,9.843576089114872,0.12597053167744254,40.39838756853526,0.02847524661403785,-7.381146551432145,-37.928843162392816
120,-6.9347390454083815,0.0,6.9347390454083815,0.652443556835256,4.0801022100588575,0.5082796461737982,12.402759436706361,-0.0030878261138338444,17.99364950270126,-42.568885571770075
121,-38.18513765546177,0.0,38.18513765546177,-0.2509204860813772,1.4949407675097048,0.030480479854247344,0.14322094364439408,0.17605359802300752,-13.273555000671172,-26.50535795774058
122,108.97458562025294,0.0,-108.97458562025294,0.27895662962125467,70.72849852796408,0.7102849576498675,36.5618045907683,0.4406963526122824,20.34175253427012,-20.087407972632967
123,-28.305152576558417,0.0,28.305152576558417,-0.5985485149154091,2.648911110259984,0.15472496456165624,5.855738148730489,0.8368028545302978,-9.269906409594736,-27.9328747301307
124,42.45966037817358,0.0,-42.45966037817358,1.5641635001555567,10.314040129640103,0.6225033812048417,44.57745682159595,0.5050385298383375,14.89527209610248,-30.01881408036369
125,30.70139464167941,0.0,-30.70139464167941,-0.40419415608021203,9.635039762972651,0.252378303094901,38.214372054384754,0.032534598790809686,2.0777880500696195,-19.10652397155311
126,375.17898870138714,0.0,-375.17898870138714,63.78383078153281,41.042540182780954,3.3954120941059833,39.11887015593832,0.049899410949905576,261.2933576421325,-33.50492156605332
127,358.6700981059851,0.0,-358.6700981059851,68.06039754346712,36.29281529287545,3.965649418376953,6.310904377362879,0.0740436922442971,274.45105413764674,-30.48476635598825
128,52.81363118649247,0.0,-52.81363118649247,1.4235437064175693,14.029871538588795,0.6152145282073538,58.01984193448022,0.3073685807121755,15.710605622711077,-37.29281472462471
129,-6.529582738854511,0.0,6.529582738854511,-0.042411906706973035,1.0049169015978463,0.028705365612393896,10.685589560373913,0.042956373607743535,-3.611840026687732,-14.637499006651701
130,22.34629674875057,0.0,-22.34629674875057,0.8146969559571446,5.656514187613135,0.2417295256331341,46.00010295613031,0.06073468617872078,-2.164926598759525,-28.262554964002355
131,-30.725354132219596,0.0,30.725354132219596,0.026548915175758303,0.8752754373392011,0.15703173561717482,5.8030831513922285,0.07965606820950139,-16.68006187378345,-20.98688756617001
132,-50.55408620191048,0.0,50.55408620191048,-0.34169414520466557,3.283065545024876,0.07831321653217777,0.9884128010841602,0.051371477170216014,-5.463069188262159,-49.150485908255085
133,8.405003116511576,0.0,-8.405003116511576,0.7959464032944243,4.041069199533164,0.9137910208622559,6.955801971237542,0.01336061118012629,25.784797481689324,-30.09976357128526
134,10.945580189926215,0.0,-10.945580189926215,2.061679217359864,5.56913595939778,0.8837392510435276,14.526940955019523,-0.006353750222619276,23.178391869609065,-35.267953312280916
135,2.928230081039313,0.0,-2.928230081039313,-0.451629817248447,3.637491811516503,0.1518096853965561,30.33720739532116,0.22168456373020745,2.166791868920571,-33.135125426597234
136,5.85010762536761,0.0,-5.85010762536761,1.0789139774262941,7.490087304956141,1.1120762726978624,27.30898936688377,0.10821943776802434,4.39265051224581,-35.64082924661029
137,13.59012753276225,0.0,-13.59012753276225,0.5968247751941669,9.367721194658241,0.6471911938119081,30.765407174899515,0.21951188613418585,9.841292550990369,-37.84782124292614
138,341.72511750951793,0.0,-341.72511750951793,54.134105535924746,34.50140837481245,4.591488386886813,50.295893925911145,0.04714957823638002,239.92644211246235,-41.77137040471593
139,26.81880000645857,0.0,-26.81880000645857,-0.2527225045081023,6.176780117111978,0.14953818018708148,34.92415891785044,0.07331714113601276,10.247631852806874,-24.499903698125713
140,-4.237095799655005,0.0,4.237095799655005,0.8443673088234784,4.260688521222162,0.19198069534145706,30.44733021877201,0.0409223668170455,-0.8618195935219308,-39.160565317109224
141,20.771000783949926,0.0,-20.771000783949926,0.3134573622775676,8.264944333323093,0.198325547801473,27.107134265614555,0.11083352954245984,30.809493680811407,-46.033187935420635
142,71.34541066662906,0.0,-71.34541066662906,1.668829320766847,18.78285720848597,0.99836683072243,25.637284289396966,0.31586825885252023,67.46523046524737,-43.523025706843065
143,95.09490746964894,0.0,-95.09490746964894,0.7026887088391014,57.551356594841955,3.49204743807232,28.511605705586426,0.6725555349057475,37.141541574929946,-32.97688808752654
144,346.517944933372,0.0,-346.517944933372,30.75944573811686,25.875102430541936,2.4016443314753686,34.3312836131181,0.8574713987086614,278.97200977044554,-26.679012349034416
145,440.993777527833,0.0,-440.993777527833,62.05287803500379,50.43258481100684,7.0614996691593435,53.74015650486895,0.0867285912005352,298.10750753400697,-30.487577617413443
146,1.4353275080572736,0.0,-1.4353275080572736,-0.10615159133779928,4.666445370039815,0.9923461394439741,21.1564853816332,0.00238358345548933,3.7607572239449976,-29.0369385991224
147,-16.203331833796174,0.0,16.203331833796174,0.0021795094991436947,3.20176835597888,0.33084818079438866,10.209076292769058,0.07748912025308316,4.6252204354567805,-34.64991372854751
148,37.513961207547865,0.0,-37.513961207547865,-0.23317704851066168,4.969902438716156,0.20526435361457257,39.26623003516827,0.19271895051614746,5.825119012797758,-12.71209653475438
149,58.84016804300579,0.0,-58.84016804300579,0.06296265025236103,55.99904919009043,3.102767229508127,6.873718933348164,2.4487735629180954e-05,19.505783417797844,-26.70413786572677
150,-6.058812434473257,0.0,6.058812434473257,-0.5545762705408728,2.7108992509110643,0.18004598266501087,26.338501089344845,0.0737990684820806,6.7936300054771355,-41.60111156081252
151,371.44993283536877,0.0,-371.44993283536877,67.23303685982621,36.8188576194137,3.757953849781837,17.08013935248177,0.6163676907200101,271.02864267006765,-25.085065206922387
152,3.8776953368924687,0.0,-3.8776953368924687,0.8983683621547511,8.844630810807171,0.5065482545566669,29.066058720031684,0.022632895536930896,2.5102100839976256,-37.970753790192354
153,35.11371608123203,0.0,-35.11371608123203,2.1493439113051043,7.340948422588289,1.379237741543014,59.55880300148532,0.036159761550132896,0.4347531185009448,-35.785529875740785
154,58.08609140301101,0.0,-58.08609140301101,1.0079373140381511,13.435031907469062,0.7627280930637317,47.206186585721674,0.3766522003603615,34.783343860604965,-39.48578855824693
155,-21.35878168365419,0.0,21.35878168365419,0.3528899163497847,6.539619020376827,0.26523563195496286,1.3357548238970942,0.055526085489236314,-3.403917411676497,-26.503889750045595
156,26.226378516423434,0.0,-26.226378516423434,1.407315917193705,5.07498181699442,0.35950516643014213,28.578201407953138,0.09431475886089863,30.09959399017965,-39.38753454118851
157,96.07539368270172,0.0,-96.07539368270172,0.21048955285888216,17.07351068183127,1.3336749410015294,60.51152688089916,0.18985664100439215,39.24218077123239,-22.4858457861259
158,-8.217315558449275,0.0,8.217315558449275,-0.15347512514026995,5.066754310668625,0.5066513907835599,23.6813013652718,0.04122391904399299,13.418779037588807,-50.77855045666579
159,13.703539745629254,0.0,-13.703539745629254,-0.2953965257129352,10.862628895071891,0.11079580791805876,28.697477196260024,0.1689102057876604,20.824951818609676,-46.66582765230513
160,-4.104167991493544,0.0,4.104167991493544,-0.872279942044919,4.60609701600834,0.3157397885010928,10.073419948028715,0.0019064397949273525,7.3165874670679525,-25.545638708849644
161,93.7263893490122,0.0,-93.7263893490122,1.534100216366471,18.3100362370677,2.0221021024038386,38.43826543171423,0.11923320124873613,74.20088107305126,-40.89822891284006
162,-23.762702850600032,0.0,23.762702850600032,-0.2324472314187438,3.5221752515827407,0.07282929969409452,11.735858836356215,0.03603584045911943,3.144598717587579,-42.04175356486103
163,-6.663467680264507,0.0,6.663467680264507,0.06858114980785635,2.9292990267370125,0.29490243955638634,8.148882527858603,0.026411406245154277,-0.4773625482628763,-17.65418168220664
164,-4.0861121245707785,0.0,4.0861121245707785,-0.244187874494191,3.3178673658860753,0.14853294026975622,15.131346092857768,0.6060149228918275,10.705649927553667,-33.75133549953568
165,10.094989490838795,0.0,-10.094989490838795,1.058194410517927,8.141898747931997,0.3621865143955955,34.60338059154352,0.022934914979028234,-2.3879136541509123,-31.70569203437835
166,-30.195738316007247,0.0,30.195738316007247,-0.47673148965142365,0.9339557118189199,0.026981685426542057,1.527771930294393,0.03075116230599531,-11.706079369941383,-20.532387946260293
167,70.41451543901397,0.0,-70.41451543901397,0.1293274633938717,59.5889572727594,3.118848500348456,16.130964560283992,0.16532902965661256,25.141260033345596,-33.86017142077396
168,-18.6795830246439,0.0,18.6795830246439,-0.46748916784376715,2.2863418021242627,0.052657716657086906,24.018443987219968,-0.006469599102568401,-2.6609110367938413,-41.90215672690504
169,30.18909316736625,0.0,-30.18909316736625,2.6032398219739745,8.3857627014669,0.5869691904049574,17.39322422912259,0.12365311496042189,21.266338547926146,-20.17009443848874
170,18.135725437428686,0.0,-18.135725437428686,-0.09437087803970812,12.943724212425641,0.3858290152644244,29.90144134024129,0.23222278877927055,9.20158470028806,-34.43470574153029
171,49.9489346162526,0.0,-49.9489346162526,0.20614276863394743,5.550778494690153,0.5223312558045727,45.83006919540183,0.12445141120778727,21.803835084529332,-24.088673594015027
172,15.565557952296611,0.0,-15.565557952296611,0.8726263951132394,11.716832120542636,0.3664071736275916,22.374350228166634,0.028166897837429164,17.991848895394916,-37.78467375838583
173,-39.74825794770908,0.0,39.74825794770908,-0.4275514204976054,1.6684260969984765,0.17475256887784146,3.7163467267328825,0.059144129479454195,-7.026915115460069,-37.91246093384006
174,82.9577421116271,0.0,-82.9577421116271,-0.5925716291784675,66.18983256389878,0.5866367905355332,20.21448053194361,0.7285512931451563,6.185373996399543,-10.354561435117034
175,-11.620042646969377,0.0,11.620042646969377,-0.504771284627759,3.851053093291306,0.13515805528751768,6.081427128271085,0.41011289919317123,-4.585462033580164,-17.00756050480453
176,-23.182067818781665,0.0,23.182067818781665,-0.41368384091004184,5.988741017111572,0.22136428126256708,11.33695790740277,0.024962910257861314,3.5481453810714516,-43.88855547497784
177,118.77368234055196,0.0,-118.77368234055196,0.9664882907300423,13.710991265979713,2.113720208625403,56.430681237975584,0.21758301650637896,72.01934689186906,-26.685128571134236
178,6.314185210797863,0.0,-6.314185210797863,-0.17082001682220138,8.403133124569784,0.23094107642856337,18.564856347996685,0.5038153177842571,-8.734826313885822,-12.482914325273406
179,37.08079213594277,0.0,-37.08079213594277,0.7843002319877477,10.272919579246917,1.7299688793851697,20.44530639333711,0.20243555049747008,40.75838104302786,-37.11251954153949
180,141.95502302244034,0.0,-141.95502302244034,1.2255543637902733,16.557178706045203,0.7719662092986486,65.44204207734958,2.461777602047349,67.75306806976943,-12.256564005860142
181,1.0763106988005084,0.0,-1.0763106988005084,0.35852370201895045,14.308050887977432,0.09548153120856323,27.53731423335305,0.3963510444172874,-7.357153758291931,-34.262256941882846
182,293.14191251105143,0.0,-293.14191251105143,49.238112680217995,28.51484780837594,3.7195093089982256,36.42770159594212,0.040018547937532324,232.87917763350347,-57.677455063923794
183,11.173976361056074,0.0,-11.173976361056074,1.5616589496543636,4.806644223204275,0.6923841404835154,11.517712952921876,0.005900458796050372,22.441562788290298,-29.851887152294303
184,127.35635734370713,0.0,-127.35635734370713,3.986493372050715,14.825895114749306,1.571394606704314,34.71809923260095,0.28761237116117416,85.34358965549148,-13.37672700905079
185,-39.67356745680388,0.0,39.67356745680388,-0.5645971115425326,-0.3140683328625631,0.0038167137211183033,9.095052915564363,0.02145457126644798,-23.25264109065187,-24.662585122298843
186,53.87835216167649,0.0,-53.87835216167649,1.4088293882080687,15.046067724188033,0.2922018383948663,37.304885483105025,0.10937438320507775,23.718887539532695,-24.001894194957266
187,42.470048149432046,0.0,-42.470048149432046,0.4259294258428836,9.212040841980151,0.23051130420958593,49.81570231538238,0.44817564568221435,2.3356884081171767,-19.997999791782348
188,-30.968996011896042,0.0,30.968996011896042,0.7801960809484592,3.297675882569869,0.28588041424343075,5.354116698114365,0.0847754138628668,-0.47842989378762013,-40.293210607847406
189,44.89485587203495,0.0,-44.89485587203495,1.1391415199117443,14.170591596125997,0.9236463358643656,38.12494391520645,0.9699580261094128,36.952951692076965,-47.38637721325998
190,75.07064644505715,0.0,-75.07064644505715,1.3918248750700473,15.01939654228786,0.9401263296505571,28.373148816473325,0.21578241071479023,68.51270888355164,-39.38234141269107
191,3.902073802598249,0.0,-3.902073802598249,1.4905826731380225,9.304483251053563,0.7040265935346841,8.572294385180417,0.17304382056613316,2.157510144639671,-18.499867065514245
192,35.007121282182936,0.0,-35.007121282182936,0.7845635838559724,11.503195162792814,0.6341353711727906,26.227302250953507,0.1926495883977132,24.09196411694662,-28.426688791936478
193,26.26662223145804,0.0,-26.26662223145804,0.6551774351026571,6.3172289676051285,0.48519971536566814,37.55955689160371,0.008148327374053577,21.074983175030972,-39.83367228062415
194,-40.99988961171151,0.0,40.99988961171151,-0.4031426028131657,1.1344421197401187,0.10002118661391829,0.13841453275371496,0.14770574269444436,-2.8164105446489405,-39.300920046051594
195,422.2854074035251,0.0,-422.2854074035251,63.7886235624105,43.12031812149922,4.629026529409603,50.26941123983214,0.3602582881487273,273.7730541132691,-13.655284451044189
196,-33.08353965186295,0.0,33.08353965186295,-0.5731045351642281,2.7319886825790856,0.03999650366070362,9.809871660304275,0.02105891967781874,-11.531436685443326,-33.58191419747728
197,-0.10321664154129806,0.0,0.10321664154129806,-0.25869902720926463,3.5649967719899576,0.6568520746429092,16.234707099213924,0.14149007314380135,17.29615693021657,-37.7387205635392
198,35.86256867828506,0.0,-35.86256867828506,2.782869297564093,9.074039099093953,0.9181870495076305,22.600365371700896,0.07475178285838521,23.71330693056114,-23.300950853001034
199,-10.473644928594755,0.0,10.473644928594755,0.8198021132383335,4.748189416848351,0.3522470407979785,17.286540124406702,0.0008794442901767664,-15.758427115119826,-17.922875953056476
200,121.64008812318546,0.0,-121.64008812318546,2.7896508064575603,24.782776694319086,1.5503751571916444,46.94310138754795,1.190493200716609,48.492939983033295,-4.109249106080668
201,81.55457193927091,0.0,-81.55457193927091,1.3828313075671792,18.028267018951468,1.5861954077434928,52.240442402965876,0.04166435932881402,31.215767280153656,-22.940595837439567
202,-8.508286417900354,0.0,8.508286417900354,-0.8411625334637047,3.9098029122007962,0.6475671298664352,15.293192734237834,0.0016271436489796107,-6.176875612024492,-21.342438192366203
203,51.843856806142426,0.0,-51.843856806142426,0.05285210908909477,55.099230203255644,3.5386379345558074,10.136031187243784,0.0026556794823934422,19.65017732094058,-36.63572762842488
204,205.4568645116101,0.0,-205.4568645116101,3.697036489063314,39.25912536180709,2.4693837072701665,58.45759249802996,0.9959464294006545,118.4643771954713,-17.8865971694324
205,11.441003121629944,0.0,-11.441003121629944,-0.8915900272717698,9.397615051003568,0.3903521890179324,39.520086359558476,0.25506024816364237,17.572620252279265,-54.80314095112117
206,65.76972757330614,0.0,-65.76972757330614,0.3254471230477649,17.079113249885598,0.5070496937150044,41.52866513484481,0.5546837543874519,37.1904267795457,-31.415658162120174
207,-6.5464610438644435,0.0,6.5464610438644435,0.9220451637136957,10.154274479151965,0.8166199196604571,19.64128138022543,0.0253396453768667,9.029625833129911,-47.135647465122766
208,312.473306580302,0.0,-312.473306580302,49.85559758595156,32.95802695150253,4.181010145385035,37.394848875931096,0.020556824796189015,239.6215614447312,-51.55829524799554
209,7.0463831254106175,0.0,-7.0463831254106175,0.5690441003583797,6.536993745488337,0.32491695443687124,26.542329298400396,0.36433549592205244,-1.2182568666224078,-26.072979602573007
210,-0.4722631727932374,0.0,0.4722631727932374,-0.010205711596480427,2.840868189824785,0.0697156207887179,21.112815305584963,0.0880025773865851,0.977518174712916,-25.55097732949472
211,3.4183853225348066,0.0,-3.4183853225348066,1.1821368926239413,5.166730669491914,0.494239805302541,34.4585991306751,0.016701371831875318,-10.980881522442662,-26.919141024947898
212,-18.760144326615784,0.0,18.760144326615784,-0.23635640607457953,3.4859557611529612,0.08331332663967977,15.629313746968826,0.028150161169570434,7.704955643852079,-45.45547656032432
213,17.510047338610715,0.0,-17.510047338610715,0.5602994621291186,6.216489035418665,0.16261997460755723,37.38421504162594,0.06863178772778472,10.542416813794036,-37.42462477669239
214,68.55642788888693,0.0,-68.55642788888693,1.7242686690579454,10.629050334369898,0.2974267916279841,27.540769548245606,0.027979081524394753,39.520767427282586,-11.183833963221474
215,-5.383110939709358,0.0,5.383110939709358,1.073814372377087,5.960817134539154,0.44732183775825923,6.862667950694161,0.05621155415564156,13.689309915407142,-33.473253704640804
216,4.20215776267241,0.0,-4.20215776267241,1.2253914524027447,4.2809912658837295,0.4772929488764381,19.259096190340156,0.008734083786963456,15.328174435208746,-36.377522613826365
217,78.84863454319527,0.0,-78.84863454319527,-0.6117300745556606,59.987378819314145,4.446620009552344,23.07163074602704,0.2115426760258889,31.958107949085466,-40.214915582253944
218,8092.499578758811,0.0,-8092.499578758811,5778.598146238637,122.17514634580628,41.30169198771151,35.57668102225078,0.305254587727253,2171.336069647231,-56.793411070552445
219,19.471203351402433,0.0,-19.471203351402433,0.42698811207582965,10.017076336664934,0.6493864225028292,13.112600743119959,1.6855181471532112,38.072181982422165,-44.4925483925365
220,53.44744586439262,0.0,-53.44744586439262,1.0225816858186185,4.409755361391245,0.3703380610768779,42.315859084387114,0.3735836285984001,-4.181171450185053,9.136499493305415
221,43.73023876634625,0.0,-43.73023876634625,1.5313307014887427,17.879260032074818,4.2736007988522005,9.352926267379253,0.10217128725787489,60.60629555557812,-50.01534587628476
222,-46.346496495680924,0.0,46.346496495680924,-0.5084448620888626,1.2896348214929012,0.017814092318946262,1.2492473426316426,0.07201784490229149,-11.3034343780937,-37.16333135684415
223,440.0502352690744,0.0,-440.0502352690744,68.56265813771127,53.12627774368468,6.934203657254419,49.829572333107585,0.14752647187080986,293.8215572350066,-32.37156030956091
224,34.330994760344595,0.0,-34.330994760344595,-0.7635863396512159,3.142133419902344,0.08410113297885541,58.24227605314541,0.07253127156191871,0.2331406672050722,-26.67960144479779
225,1.1958133897257461,0.0,-1.1958133897257461,-0.26473671086564865,4.795758398059608,0.13141065831961635,20.024992548023455,0.031647135444352326,11.811667913324653,-35.33492655258029
226,21.35968807328008,0.0,-21.35968807328008,1.3010399969174284,4.0748656945026145,0.18946989254526486,59.535078280608154,0.08516373034745364,-4.6285063377136915,-39.197423183927135
227,30.97608947937962,0.0,-30.97608947937962,1.1300808855977227,14.032800634845392,0.25570153122701933,46.53521864397715,0.24734759409193902,6.411240592922306,-37.6363004032819
228,-12.149184627101267,0.0,12.149184627101267,-0.6268503362691165,3.7585722731602647,0.3148672531677071,8.818463403615837,0.0401938727632452,8.583224142088769,-33.03765523562797
229,32.142855211051085,0.0,-32.142855211051085,-0.015050485979877681,6.279670139817766,1.0591670779238416,46.37147377067228,0.6962875363184071,15.599934739032848,-37.84862756673419
230,60.94505166280291,0.0,-60.94505166280291,1.9390707078507958,15.016812086655735,0.8346408427254621,28.360310365306013,0.60464861708045,25.342593585844376,-11.15302454265992
231,34.99757573934269,0.0,-34.99757573934269,3.0632901174044225,9.250763158739902,1.4835621681730613,16.852234495735548,0.5578764421572734,54.76139655378541,-50.97154719665293
232,322.4050668088682,0.0,-322.4050668088682,7.090090075907567,33.1269538432464,3.3442301180320912,32.748409340110186,0.9286412864237407,264.5397866340171,-19.37304448886885
233,-31.215944099841483,0.0,31.215944099841483,-0.306525102460693,0.7329122770419101,0.12748779094677148,9.528600549281148,0.010190802725005464,-14.623668805106034,-26.68494161226959
234,51.2515859734189,0.0,-51.2515859734189,0.905331426256391,15.29938056917866,0.4084612910478504,54.51623494654083,0.005691648828747654,21.716981954579694,-41.600495863013286
235,53.20746589369418,0.0,-53.20746589369418,0.40054991271258134,5.298383856343349,0.22666415537618317,36.603690161304655,0.18654357832281904,38.01565053163339,-27.524016301998806
236,371.6013138538129,0.0,-371.6013138538129,67.05856126134994,34.9762455844892,4.094007454447103,9.20116734308494,0.049455955245219216,281.5463100532074,-25.324433798010837
237,0.26974258383375727,0.0,-0.26974258383375727,0.7301456998808731,8.017408323707869,0.4820935094189101,29.010225263023123,0.020343307984053274,4.848741791253756,-42.83921531143482
238,-15.446065742397384,0.0,15.446065742397384,0.12081622143553838,2.4956106484346283,0.15054474244225668,4.40204597697887,0.3578821537052175,2.0023718607120653,-24.975337346105952
239,41.32180739151755,0.0,-41.32180739151755,0.020836117703378676,9.850619715814604,0.26840384135069967,45.2092474525438,0.04207675472429096,7.074445273539853,-21.14382176415907
240,63.14538221484915,0.0,-63.14538221484915,0.35068984116313073,58.496508018028635,3.1426600914522127,15.006623995856902,-0.007306929941831517,21.959508965462845,-35.80330176717275
241,-35.62643372673338,0.0,35.62643372673338,-0.20728695165029487,1.0274562050185883,0.11162293091530462,0.6877623118416549,-0.004668541428169134,-18.538159020950232,-18.70316066048023
242,-4.567646158314776,0.0,4.567646158314776,0.27346958780112196,4.098529452246137,0.4396632393667312,7.008286111221978,-0.003532250584799993,4.815304424854611,-21.199366723220557
243,53.25139170876325,0.0,-53.25139170876325,1.4493422004247942,14.01398074414376,2.007790925565122,41.8569040366409,0.5924375244178127,42.56444623178634,-49.233509954215485
244,349.7869937128243,0.0,-349.7869937128243,59.17557993160176,36.11380913808062,5.1518244863388425,30.453663881843838,0.06942257146932337,273.54388344117706,-54.72118973768715
245,-9.784315624456628,0.0,9.784315624456628,0.11198840999066961,4.64017148145056,0.21954993377267107,26.58122901893251,0.15952571143809385,1.8932839001998634,-43.390064080241
246,-30.934385300088454,0.0,30.934385300088454,0.3288625784321515,1.2086411887888064,0.07252248891439023,1.7718505845579164,0.025387523736041043,-20.319219557883834,-14.022430106633927
247,-29.539943592708443,0.0,29.539943592708443,-0.20791863290671753,2.023591415607062,0.21237764756814698,9.722422995463688,0.03092010541617806,0.08022213747755735,-41.40155926133436
248,28.306158466933308,0.0,-28.306158466933308,0.2531418407970367,6.8840544454909836,0.8560433681112367,22.459859213283895,0.4943283033330919,12.635397333373186,-15.276666037456117
249,-31.875715630145468,0.0,31.875715630145468,-0.48239491096239817,2.026378580815129,0.009774094357668461,7.83331759077599,0.0271067285904616,-17.732863672455355,-23.557034041266967
250,18.028912850477877,0.0,-18.028912850477877,0.46970137781743304,8.924757174515092,1.3963151175374264,22.495267204441127,0.023282000050111808,24.399260217480062,-39.67967024136336
251,-3.416879536707885,0.0,3.416879536707885,-0.5667572908913932,6.268096262347429,0.09085321749809466,29.564456958912572,0.12772808002793495,-6.664739307885165,-32.23651745671736
252,31.614035529810618,0.0,-31.614035529810618,2.9945326780162436,10.881516882613054,1.5401886140904746,21.203690860240716,0.06487132087439831,39.46917300119289,-44.53993782721715
253,41.598282919323765,0.0,-41.598282919323765,1.0219600459194638,13.756167623885387,0.7314675905772983,33.38100378337413,1.2723430427766678,39.40249668540847,-47.96715585261766
254,-6.183891207689893,0.0,6.183891207689893,-0.28945552167952493,4.669744667459549,0.11205744285768016,18.920807295498676,0.051462591898228514,0.891665562291255,-30.540173246015762
255,-18.15601804359068,0.0,18.15601804359068,-0.7113203192759558,2.618411614856108,0.018594119112045254,11.544293701482623,0.14961998811317576,-12.016573649001185,-19.759043498877496
256,148.9988941059437,0.0,-148.9988941059437,4.702487038090665,40.88474983303713,2.1407886799024665,30.670158011189052,1.4606482352103658,114.50414109885186,-45.364078790337864
257,37.53511035963068,0.0,-37.53511035963068,-0.023331508826625935,8.34956288211559,0.08551127090254762,34.85831191776298,0.03258657858836571,15.75523785218064,-21.522768633092817
258,29.42977247823043,0.0,-29.42977247823043,-0.00893198028415787,6.414946347991394,0.3444742350152888,43.4590714787573,0.2360893977386608,15.7028383449197,-36.71871534590776
259,-9.145700751944478,0.0,9.145700751944478,0.5231266281985163,5.2897978373143975,0.9148920360611275,19.52412734925305,0.02071179475936935,6.96821340351344,-42.38656980104438
260,-10.420363253991685,0.0,10.420363253991685,0.3680898010691305,3.174434481574147,0.24152561153828372,8.106247356617512,0.026474400414564635,-20.544375398666034,-1.7927595065392907
261,-21.637931257775985,0.0,21.637931257775985,-0.8135095400683949,2.9780142674626497,0.20123152580252862,2.9891213524390183,0.007525314582054368,-2.6531150477411725,-24.34719913025267
262,72.29495472950528,0.0,-72.29495472950528,2.1641694156218545,24.18421194265602,1.459054544741188,38.35731580234361,0.07956568241521966,52.06408251315701,-46.013445171429616
263,28.151808277192078,0.0,-28.151808277192078,3.1172643837999807,13.44573174326632,0.6000447364527162,22.33520535082374,0.27481444038103514,8.71187050350459,-20.333122881036303
264,22.487674675747375,0.0,-22.487674675747375,1.5581132352703175,14.287558175148215,0.7000230104260801,7.191945604429239,1.1452609148192732,18.883418672536294,-21.278644936882046
265,16.086823162567992,0.0,-16.086823162567992,0.11270069325351884,15.58507950403048,0.20191937022788803,37.48892929228972,0.35573432148442985,9.928628618819397,-47.58616863753743
266,-45.48172870657895,0.0,45.48172870657895,-0.6321078480560958,1.2991457229149748,0.07193992686501177,1.1981282344159139,0.1055646352923387,-9.641750327406054,-37.88264905060503
267,72.16889781436116,0.0,-72.16889781436116,3.4804483441408207,18.250902591614448,2.7434638066383044,30.754176352886148,0.15499705757714155,73.82661247617887,-57.04170281467457
268,-26.194824019210888,0.0,26.194824019210888,-0.6458898897849981,0.3645323499202302,0.06409160949307718,5.2751470221872525,0.0650490477141692,-10.135814454172479,-21.181939704568137
269,7.015778988317702,0.0,-7.015778988317702,-0.240485027736288,2.187043274219526,0.5605407147412869,13.272644796213445,0.058648693490693495,18.958827011659864,-27.781440474270816
270,-6.68865058643647,0.0,6.68865058643647,-0.21824405161340232,7.348290859635034,0.1392316934503141,25.999618472045654,0.019183236308592467,-6.472265320992699,-33.50446547526996
271,-9.252949846593015,0.0,9.252949846593015,0.3993787634642012,8.654247660064705,0.3117776528661523,16.976987036167884,-0.00938489300051212,-9.786826238937298,-25.799129827218145
272,-15.757327733113346,0.0,15.757327733113346,0.03538529110512245,3.291986577721937,0.1209233522585465,16.68207310159993,0.13304587273745144,5.585913038889297,-41.60665496742562
273,-10.341906035057107,0.0,10.341906035057107,0.4513066165186168,4.724793244974144,0.5573176664496695,3.7646574487119606,0.009394205431372961,-7.0693480041777566,-12.780027212965116
274,-13.134213857543461,0.0,13.134213857543461,0.09236967405674168,3.946940008826521,0.31078941065113247,20.795188428452533,0.004242693590723124,12.992653458116004,-51.276397531237116
275,-32.941131641159245,0.0,32.941131641159245,-0.43583534832713,-0.19549124743463553,-0.008616340493680041,10.361637711611294,0.016235107945395566,-18.201078861399708,-24.47798266306078
276,3.8894535442136053,0.0,-3.8894535442136053,1.3861485294174667,7.87115514637712,0.2387108602095887,18.30599303715425,0.08695067245626087,22.166687035997015,-46.1661917373981
277,-0.13847578454215537,0.0,0.13847578454215537,0.5845558779744549,5.878362022634905,0.22061103247262048,17.910553923417275,0.028661474490243262,21.13233132526686,-45.89355144079851
278,7.292556387836438,0.0,-7.292556387836438,0.05698824139941028,9.950447545003104,1.2830537001539202,16.128739722476404,0.016629168999879308,22.904075206009516,-43.047377196205794
279,-1.8385361060989602,0.0,1.8385361060989602,-0.21256530800760132,3.774651907074008,0.7040552716391786,16.485219259327092,0.11126694403634241,18.72094708752404,-41.42211126769201
280,-30.33687275147074,0.0,30.33687275147074,0.21341814575290563,1.6345853022369634,0.38231374592987016,3.6018699501795526,0.09162700862860462,-11.55038321691207,-24.71030368728656
281,-23.101057351763647,0.0,23.101057351763647,0.11723056958923017,1.9772952163202029,0.17800377588457073,5.075486055735836,0.024470365767381125,-13.230123142112395,-17.24342019294847
282,366.5294195736817,0.0,-366.5294195736817,35.90502897075541,27.25194796082842,3.9061706454191056,33.62162767171506,1.2864931347466557,285.54955698077134,-20.99140579055431
283,103.02262428330395,0.0,-103.02262428330395,4.434458761003898,17.819857179329983,1.0158491235782354,75.235577692577,0.8642301238370323,18.404593692267007,-14.751942289289218
284,-33.156058055441406,0.0,33.156058055441406,-0.43083944238949834,2.0158115822046523,0.1813529781238264,1.553162177170461,0.001058395024574544,-11.065221412143154,-25.411382333432265
285,292.4613568295679,0.0,-292.4613568295679,50.702442248674345,30.96426713501852,4.080302954882924,35.77649828227421,0.0185815585993406,230.1777073350144,-59.25844268489586
286,21.8385519003678,0.0,-21.8385519003678,-0.086348969964686,3.0998921354469213,0.39157514486377937,39.2071372761426,0.056185815254874115,14.01782141174323,-34.847710913118924
287,33.09538691440342,0.0,-33.09538691440342,1.8380548440987612,11.94881576518637,1.3186041630066168,24.044977265543476,0.3952386708127256,23.315101434238585,-29.765405228483125
288,118.30858550370895,0.0,-118.30858550370895,2.2441869475230494,18.31652044627926,1.570829867466082,42.38855660666791,0.3294554630061356,69.80346108285266,-16.344424910086154
289,-27.453821197940915,0.0,27.453821197940915,-0.48406097482272115,1.6566690528039731,0.003650000760984623,8.320331890810571,0.058920317814561134,-17.65677526559117,-19.352556219717115
290,-8.726627178349919,0.0,8.726627178349919,-0.07386336112276526,2.995716943955847,0.4107622155772824,13.163173870258142,0.0059605984773502575,18.32219935919393,-43.550576804689705
291,16.44078984116558,0.0,-16.44078984116558,-0.5051881355604968,4.772105003219705,0.5779955504018086,45.26320651686061,0.05420843451978149,4.917539610603596,-38.63907713887942
292,34.091620271105654,0.0,-34.091620271105654,0.9522729297027803,11.361326983644043,0.7258573293647679,24.24816845097034,0.29877651883150724,23.297441346965165,-26.79222328837296
293,36.828843147634714,0.0,-36.828843147634714,-0.1929895271252855,10.83122320237897,0.5813787044110312,28.37245644632131,0.603921525610439,1.1853203440644133,-4.552467548026165
294,-8.533517984586329,0.0,8.533517984586329,-0.4473926546536837,6.947750716322799,0.15982707575805827,26.33471019631036,1.038421487021522,8.296872818283093,-50.86370762362848
295,5.205031191363542,0.0,-5.205031191363542,0.42084997973375904,5.603975835093088,0.2262942025928641,21.726958055288467,0.02397379956018377,11.285208629172656,-34.08222931007747
296,-47.19380678137858,0.0,47.19380678137858,-0.30125886579305705,0.5479908696161835,0.037624671251390074,6.869287453145273,-0.002395178444423559,-22.296946014220786,-32.04810971693316
297,-8.51126384154087,0.0,8.51126384154087,-0.843575576064199,2.8678633089736176,0.3951520413844794,6.639270784062876,0.01158741694336081,-1.9340529482678175,-15.64750886857319
298,-13.995153631860386,0.0,13.995153631860386,0.41252616435047473,4.153772561827685,0.22740896369160085,18.9819692271083,0.29159641668943376,-4.945743868033798,-33.11668309749408
299,5066.500544284083,0.0,-5066.500544284083,3400.631580387622,16.55384089421823,37.7600514607168,40.85541013623572,0.14899153711123708,1616.6631831354944,-46.11251326731553
300,57.26014612737029,0.0,-57.26014612737029,0.33809030448398714,58.55085163494522,2.939557946846771,18.64507064240966,0.0004369952073991247,15.939519429870506,-39.15338082639325
301,-36.33318899334803,0.0,36.33318899334803,-0.01685813107317502,8.045412513722772,0.09802044439586682,2.0808582868671666,0.008442800424942602,-9.132474243681312,-37.416590664004296
302,6.102875597703768,0.0,-6.102875597703768,-0.11247819076153576,10.85609089238414,0.1278242669482424,36.57385221226018,0.19741800081053829,-2.951406278085882,-38.588425305851906
303,39.02513413328826,0.0,-39.02513413328826,0.5525168662899667,12.568233334860183,0.6344037208893636,45.21694084437972,0.22747461417619352,24.740216421561755,-44.914651668868935
304,-15.654123187948901,0.0,15.654123187948901,-0.24527394332433206,2.9658589728699094,0.2781182577100518,16.35355755904752,0.1539832406464904,-0.2692250016887332,-34.8911422732098
305,-7.202522515628562,0.0,7.202522515628562,0.306268957908864,3.6758879553928234,0.3781440942862481,9.52033649885006,0.03584206423848206,16.695963312411962,-37.814965398717
306,-15.762512117806,0.0,15.762512117806,0.23861027932808376,5.3747818775266865,0.33379807348157037,1.0830889296752746,0.036093126917378204,-6.692283782322963,-16.136600622412033
307,-25.992119567246522,0.0,25.992119567246522,0.8282971222264108,3.625334311196578,0.3363520974238297,6.088614045186362,0.08295850143431785,-0.5020202421685553,-36.45165540254546
308,15.23849374415887,0.0,-15.23849374415887,-0.34297658300918066,6.726642434513426,0.8690095171887637,42.177006187252815,0.08353159021435105,8.426594550677022,-42.701313952678326
309,6.520927351483007,0.0,-6.520927351483007,0.06080096188735151,7.58820616099262,0.42896447307755686,34.165577816130174,0.006147983360776706,3.2699759884396347,-38.9987460324051
310,17.878916475375245,0.0,-17.878916475375245,0.8602904324030765,6.196648616646925,0.20154990845650217,37.31394352522679,0.09367682603826757,3.6368810740934148,-30.424073907489735
311,26.4227917370532,0.0,-26.4227917370532,0.805509043473208,8.295826612013537,0.35386232216299945,32.57832929642857,0.22253970642199064,0.3969630592987752,-16.23023830274588
312,10296.986984931349,0.0,-10296.986984931349,7317.2909744791405,218.99680641093894,54.17952102729518,35.10958248300836,0.8716858630981951,2727.690329342946,-57.151914675077386
313,368.1218225748965,0.0,-368.1218225748965,69.3624637676578,38.04998779224514,3.7833542329931267,7.285220349417929,0.23356861937013446,272.8129149362669,-23.40568712305454
314,-5.2508302931081055,0.0,5.2508302931081055,-0.11915437198136614,1.2338623138589093,0.009640980253904141,10.338747901180632,0.05906315625798602,-7.122358300946608,-9.650631971731563
315,-16.474178701766366,0.0,16.474178701766366,-0.061198332070016015,3.5616699202436375,0.1022493021468594,7.692595545011742,0.09729527022715737,-3.2605930717319485,-24.606197335593798
316,370.16607791007624,0.0,-370.16607791007624,35.27360347206156,32.842328106512916,4.882285763787432,33.1208003963939,0.2520649665031119,281.70592817670513,-17.91093297188776
317,41.86767853444083,0.0,-41.86767853444083,3.650551531426868,18.521597126594934,3.0419099826911764,25.33469907452063,0.741297807188276,24.435695164828758,-33.85807215280982
318,1.3363325617214024,0.0,-1.3363325617214024,1.3563352186756852,4.790480933255552,0.5438985825106928,11.981203472899622,0.34514649231242445,12.480478682716138,-30.161210820648712
319,53.77328027216154,0.0,-53.77328027216154,3.853522643528952,29.40069922971416,5.57960927671036,11.706768776245614,0.05511825860599589,67.50116186120779,-64.32359977385133
320,-22.85656975498119,0.0,22.85656975498119,-0.2621915470585141,1.2787367123766153,0.05655446561812855,-0.018465191782987667,-0.0049703003195319334,-13.98029920378256,-9.925934690032342
321,159.5885577737802,0.0,-159.5885577737802,6.7045190750658366,36.268451358288246,2.0110647337062275,49.30282920285375,0.16702965731543404,72.20470642156143,-7.070042675010711
322,50.31395353275552,0.0,-50.31395353275552,1.6383872112841402,7.38221415484897,0.9294042559196305,17.871685192082104,1.0042828673419815,33.00046525863227,-11.512485407353566
323,0.5852122221562048,0.0,-0.5852122221562048,0.3100730916905712,6.309652369184009,0.48553733468171084,4.18049978216989,-0.008476340548533877,-1.7752477673860625,-8.916826247635377
324,-9.02829088319498,0.0,9.02829088319498,-0.0781775676691443,3.4308342720449443,0.16898656568819942,16.13384167959072,0.09163206646769073,5.5408996109191175,-34.316307510236506
325,17.362508809260287,0.0,-17.362508809260287,1.4909073361859786,7.6149738541752825,1.05970118280027,20.76328990904286,-0.00884607245226362,22.343030054377238,-35.90054745486908
326,43.71043384456475,0.0,-43.71043384456475,1.588413658781397,12.071015848334982,1.0501570762709493,26.047599480814178,0.3846250474660476,32.64951954266051,-30.08089680976331
327,-4.527506802231745,0.0,4.527506802231745,0.7357833781883865,7.802462801333142,0.33945638460606126,18.742081506427457,0.016774130753760844,12.227602434169627,-44.391667437710176
328,-5.055234738089201,0.0,5.055234738089201,-0.14625879897088678,8.481873462856521,0.31822951932220295,21.807685196443636,0.013856156841927765,10.897552913777018,-46.428173188359615
329,316.70737582274586,0.0,-316.70737582274586,56.30795225585463,34.41552702276428,3.1982074973874335,30.41198234070039,0.03158030889255097,232.472838467168,-40.13071207002144
330,30.385842228019836,0.0,-30.385842228019836,0.533354869762293,8.994534334951458,0.49739614302131757,46.53430190497371,0.010554273484859718,-3.346534963468816,-22.83776433470498
331,-16.290203993259713,0.0,16.290203993259713,-0.49797353934793365,3.288230176600584,0.13676306966222962,8.468653619789166,0.0912964525212199,-4.6734901736108245,-23.10368359887415
332,25.4459154630601,0.0,-25.4459154630601,0.631154139103117,14.106402818032494,0.9946153658575088,28.20375503237257,0.8562964391168255,8.511582995880852,-27.85789132730327
333,52.79667489285343,0.0,-52.79667489285343,0.03402437666478564,6.610441739214698,0.15742203410003225,28.188487023925347,0.02827242367513464,28.972505785015414,-11.194478489741968
334,73.837182732797,0.0,-73.837182732797,1.2412426310916205,17.215967499505073,0.9125256625530962,32.130630599990525,0.41902697634425135,59.13205213158435,-37.214262768271915
335,-0.23927376554281565,0.0,0.23927376554281565,0.27079973491286147,2.4609552176431024,0.3270137792062466,7.474351889914636,0.33929356082843104,-5.206393682275314,-5.905294265772781
336,26.206923627070136,0.0,-26.206923627070136,-0.17995692047231948,5.156483283882331,0.7379103476744786,31.037072872256047,0.3022715526473951,5.911754916408521,-16.758612425326326
337,46.668145744066095,0.0,-46.668145744066095,0.16855063277649807,11.070014236126893,0.4754897910832387,52.11987071775201,0.08670537936348521,13.589366557991353,-30.841851571027384
338,-34.53867563226319,0.0,34.53867563226319,-0.45135901924112765,1.6418966688723917,0.05547716268518027,-1.027387863012529,0.1023856712804869,-4.941614147189281,-29.918074105658313
339,18.245107620086937,0.0,-18.245107620086937,0.48785192528904364,9.011625354111171,0.6938319737598975,12.859895599831386,0.9239460848770711,23.17046359154896,-28.90250690933059
340,-52.231779585580455,0.0,52.231779585580455,-0.592125187422065,-0.08398606805986786,0.02897643576278064,9.703898186072408,0.011885435888511358,-21.821343444793648,-39.479084943028575
341,-46.897044211452,0.0,46.897044211452,-0.25986484683643907,4.21912832920324,0.04663558937098844,1.1861567174692835,0.2562517306099741,-1.7198914594649377,-50.62546027180411
342,30.365616968127593,0.0,-30.365616968127593,-0.023936726356278193,3.394179204414684,0.18664263440684675,53.54381706074207,0.16145186689487914,5.192149724883139,-32.08868679685775
343,-37.570403874786805,0.0,37.570403874786805,-0.6977210623163714,-0.13706385748919914,0.04630989858746387,10.151334364672831,-0.004719027881606391,-18.759961984534637,-28.16858220582528
344,-40.469647544137146,0.0,40.469647544137146,-0.3233425499916316,0.9637096242006744,0.05321129994749302,5.437186405180388,0.06706993927771837,-15.766570057209286,-30.900912205542504
345,23.58346451231625,0.0,-23.58346451231625,-0.5136821169140673,2.955319447563434,0.15976658236211122,34.03609717925099,0.05225986808027224,12.025710244683237,-25.13200669270973
346,5.354518702013632,0.0,-5.354518702013632,1.5546353228161345,9.197620758321523,0.2393639771000089,13.50544757227716,0.32568030314432894,20.246141033069264,-39.714370264714795
347,14.093927552227168,0.0,-14.093927552227168,0.10750022214931887,7.136513431541189,0.3141138724522133,32.956834871359746,0.25151267428891516,13.536341276547644,-40.20888879611184
348,1.0634336578933308,0.0,-1.0634336578933308,-0.12361093889754615,4.69550839787988,0.1666874595494781,26.41545912218031,0.18376409508672975,2.7855381356694817,-33.059912613575
349,2.6029033768984426,0.0,-2.6029033768984426,0.33139283842611134,4.540882565788147,0.33836975831397703,21.003779364118937,0.006403859435105207,-11.416668362277644,-12.201256646906188
350,85.99000551806908,0.0,-85.99000551806908,3.7997464194777963,16.327425012992062,2.055181172461534,71.95190206507846,0.3390477907356489,23.82017473936336,-32.30347168203979
351,119.81888810563864,0.0,-119.81888810563864,1.351151926639119,21.7154994535676,0.7884495582737843,52.579060638535,0.10237009628244897,50.39307953847477,-7.110723106134081
352,24.50825790426749,0.0,-24.50825790426749,0.8356468888689945,6.669061820676058,0.501475365008045,28.976867528170274,0.4037323343357132,16.428254322396974,-29.30678035518857
353,37.06003757441249,0.0,-37.06003757441249,1.298155735583716,7.315826862501451,0.4875160442260113,46.77753895855517,0.08319228502806675,11.6774180158894,-30.57961032737132
354,2.403515441098971,0.0,-2.403515441098971,0.8791686349935923,7.588785447681561,0.24813245917058396,20.823972555101165,0.16745193778993295,19.500068347416992,-46.80406394105486
355,-10.57291716481225,0.0,10.57291716481225,-0.22661996900731562,5.534288000121149,0.45636176561917435,7.79019368073915,0.2790425890958573,-2.310031559676032,-22.096151671704234
356,11.236145046855643,0.0,-11.236145046855643,0.4207453993189487,8.175409397645504,0.9918514898959634,21.385752899962636,0.18774367644987608,-8.170697591911274,-11.754660224506011
357,0.7117577238585149,0.0,-0.7117577238585149,0.25880206811230444,7.774570601359436,0.2320587967259019,31.23389251543812,0.39962929053711743,-7.367551530253607,-31.81964401806075
358,-13.76253244955949,0.0,13.76253244955949,0.5782811991292576,2.740241580366693,0.3117100113748748,6.837990488501119,0.17205772103452327,10.453649130368882,-34.85646258033484
359,152.9102883858397,0.0,-152.9102883858397,4.5622216032374805,94.82365080673898,6.850887494780555,31.084958000310984,0.0932664947243401,83.32506381186975,-67.82975982582235
360,4.786585035465958,0.0,-4.786585035465958,0.38106482851611734,9.695050324872636,0.9198549289163886,15.320670687747924,0.18068543020325972,-11.286231375446143,-10.42450978934422
361,-18.9876664027607,0.0,18.9876664027607,-0.2209548844213436,2.7220677783766125,0.10511588265710342,15.695997829061781,0.05615969016931966,8.707910785557393,-46.053963484161564
362,58.99694281374474,0.0,-58.99694281374474,0.9650311818671495,5.9597516219170235,0.37411058698425687,34.339335356143415,0.2570219447204986,32.74625531667677,-15.644563194564377
363,5870.466170804233,0.0,-5870.466170804233,3910.5859471160293,302.17178790872697,42.17802398688328,46.05942759121411,0.4719065965577863,1598.2082517211888,-29.209174116366107
364,78.37996681509794,0.0,-78.37996681509794,0.6410380999048853,22.16730063266632,0.44303310906246335,58.564905417180775,1.6891526208629726,42.548180577854176,-47.67364364243365
365,136.37987748385825,0.0,-136.37987748385825,1.0986214756366137,20.194941373628343,0.6932268795291792,62.29002618149202,0.7841401841953347,64.76438471055609,-13.445463321179325
366,297.3370442518851,0.0,-297.3370442518851,52.53428191950444,30.77369045372578,4.0513457583621575,38.18878163021917,0.05294650679312927,232.58776014414212,-60.85176216086166
367,63.86792456027561,0.0,-63.86792456027561,0.2905785667012708,14.563179543914162,0.6725424118663437,55.289853161848825,0.011837277621272645,19.499636794235826,-26.45970319591209
368,110.59832192613729,0.0,-110.59832192613729,2.7163063920543182,25.36376131613572,2.3887523999799147,35.02573248187188,-0.005178267062423,86.8042831081087,-41.69533550495084
369,-6.78839823125082,0.0,6.78839823125082,1.0067039415856556,6.124113543239568,0.5699923652941072,10.261671201914865,0.14157503323967724,15.31002919118203,-40.202483507706724
370,4.573947144134241,0.0,-4.573947144134241,0.3870436264319044,6.046260824708746,0.43181380288820087,23.70238168870143,0.006481660787174222,-5.279075637867255,-20.720958821515964
371,-15.204918624967906,0.0,15.204918624967906,-0.43657529361899194,3.343605679384082,0.3171413054613274,9.307864919434344,0.01615654973336212,3.9813366496807934,-31.734448435042815
372,39.09135575071144,0.0,-39.09135575071144,0.8126841001524348,9.77989008269351,1.0114815327185471,34.71407529746194,-0.001056711830843219,19.232303704715903,-26.458022255200056
373,-27.172428222930055,0.0,27.172428222930055,0.26021307574384966,2.7276392254143045,0.3228652687059979,4.238344685214703,0.47107874408442324,-11.296004962507155,-23.896564259586178
374,-30.64065758912786,0.0,30.64065758912786,0.14361132267099697,4.559844631132835,0.1855050277399426,2.9431279387427596,0.10577258562126746,9.323609993341792,-47.90212908837746
375,-27.22059924026539,0.0,27.22059924026539,-1.07881210249567,1.503487903632727,0.28015911648609376,14.673069662484696,0.016621926935003743,-11.183990777279726,-31.431134970028516
376,-35.25519112871443,0.0,35.25519112871443,-0.4206946797057223,0.7018356294880812,-0.06814092430203145,8.047341338719232,0.07152068198590625,-13.516195047937474,-30.070858126962428
377,365.62152748971084,0.0,-365.62152748971084,68.8234144244625,38.38525716626458,4.097273069336565,16.524163254930894,0.02065636274208034,268.8185357963586,-31.047772584384383
378,-41.73867867232356,0.0,41.73867867232356,-0.1009025603631013,6.9581201420519925,0.11612437684793492,0.5092705011443028,0.03609405894721825,-6.538168953957625,-42.71921623699428
379,70.7700711165415,0.0,-70.7700711165415,0.9576583951532114,15.775818048983608,0.521782867341763,54.776198613735765,0.1678555240479353,32.29564744772205,-33.724889780442815
380,-24.60440305723552,0.0,24.60440305723552,0.18028079703131272,3.002438870200893,0.4682541871483273,7.860926121686975,0.055108308657808906,-1.551983563901043,-34.619427778059794
381,3.5022368740708494,0.0,-3.5022368740708494,-0.9284012445139396,2.743454813464026,0.1539192975980071,25.43596008576791,0.10078081401416386,8.797959455775105,-32.80143634803442
382,-3.762541937406926,0.0,3.762541937406926,0.5068244555894097,0.7574598143685498,0.23146656910757285,12.985707785912886,0.06348555075607026,-4.223444897383835,-14.08404121575758
383,-11.72386478730795,0.0,11.72386478730795,0.9610613520551397,3.365183540388285,0.5413843593661753,7.3412119329291015,0.062253981734238746,12.443397357596,-36.43835731137688
384,48.4173075001146,0.0,-48.4173075001146,0.26285623035748484,52.74245905998127,3.777245718305817,13.240926402027384,-0.0094023889588202,16.048786141087803,-37.64556366268635
385,4.77752014964285,0.0,-4.77752014964285,1.2377451075705599,6.823747108501065,0.4147569871985119,7.408510053757182,-0.003612085420447073,23.21125287160399,-34.31487989356801
386,86.29972345089892,0.0,-86.29972345089892,2.1715392411019048,16.67288368787331,1.8441672729834218,53.89023530455549,0.3313002394678495,20.577426102617963,-9.187828397701018
387,203.4589918051201,0.0,-203.4589918051201,4.180258169851949,40.93556145422,2.554804027970108,58.91158779059962,0.06944044755513457,117.45231537870451,-20.64497546378123
388,36.258999817480614,0.0,-36.258999817480614,1.4655819731523438,14.656766618449156,0.8370301025976983,32.25755900164118,0.16386240375927766,16.91880090930293,-30.040601191421977
389,7.573219580117975,0.0,-7.573219580117975,-0.4830605260509546,4.190505300852376,0.3301739101029411,9.60940365563481,0.025182498745443406,12.46744727896498,-18.56643253813162
390,-10.348480547396289,0.0,10.348480547396289,0.004303112098565265,4.719164578854494,0.27212642161968953,11.708219255541163,0.004248136033298893,8.07091263191178,-35.12745468345528
391,409.42094996731413,0.0,-409.42094996731413,65.00986320123631,47.2883380712202,4.942455364089764,45.28859301435236,0.10202805152282121,274.0779329283278,-27.288260663435118
392,-8.065220989928708,0.0,8.065220989928708,-0.72867151781514,3.3150880069453916,0.16068376127932027,23.893164849718744,0.012899963731900995,-8.77662435382971,-25.94176169995921
393,1.6354292552779803,0.0,-1.6354292552779803,0.08646520273364455,4.91171833053178,0.4813220141984153,28.749543086918898,0.10789708440572857,7.855271586140423,-40.55678804965091
394,364.5538461091526,0.0,-364.5538461091526,68.8669418807739,38.90517085924537,4.739911653115317,13.477359747476555,-0.009650670132834133,271.0564161643467,-32.482303525672386
395,89.43188007948888,0.0,-89.43188007948888,3.0788719224954804,22.944677947826815,1.140096483187417,46.114038298657746,-0.006854347782832242,52.36039654242682,-36.199346767322574
396,7.280175027470289,0.0,-7.280175027470289,-0.03316669223583002,6.235468175551562,0.44547707915485985,19.717551507257607,0.10928912715451494,20.537044640397838,-39.73148880981025
397,16.773389225001093,0.0,-16.773389225001093,-0.2960744267679638,4.733872475511339,0.42820075863471213,25.04281766396412,0.7472950089578613,3.0335197635211752,-16.91624201882015
398,-14.132007143643566,0.0,14.132007143643566,-0.18630418321215458,0.9019276841538928,0.14036997400407364,7.555241573469252,0.30685502221480093,-22.03852524641792,-0.8115719678555138
399,174.3316801319851,0.0,-174.3316801319851,5.2127685725500985,29.14725086836052,2.1096658336549865,59.43792371307659,0.08850372184517624,72.48179750820184,5.853769914295896
400,6.598535648679384,0.0,-6.598535648679384,0.3539639987252712,5.702643062597927,0.26170514633197955,18.226588598367712,0.0032960859030420394,20.60270901927825,-38.552370262524796
401,108.61539466002192,0.0,-108.61539466002192,1.1144682374372201,16.751394494172597,0.867839591932299,32.66956023784925,2.687970847708598,90.74966458487604,-36.22550333395409
402,71.97720871398465,0.0,-71.97720871398465,1.263209961031254,16.850604117690608,1.2543461175612691,43.870475770261436,0.13972801453915584,43.47576177948122,-34.87691704658028
403,-37.1704921667847,0.0,37.1704921667847,-0.14215863224739866,0.3367634474896053,0.03112894111365999,1.3380518441153804,-0.008641078457476855,-19.42169037751332,-19.303946311285145
404,283.58813090096015,0.0,-283.58813090096015,48.73122748933564,25.04366645232696,3.518361447996638,36.391598259333946,0.06653891478041463,234.40354754092874,-64.5668092037422
405,0.4363743581680204,0.0,-0.4363743581680204,0.27124265302877637,3.2307241301564846,0.3591128920900281,9.981550638551212,0.10866191751495347,19.465494008553968,-32.9804118817274
406,42.9433171370723,0.0,-42.9433171370723,0.06300250559318377,13.688569596722187,0.388274292079728,36.51373492611716,0.24032328436869455,29.23729389328488,-37.187881361093524
407,40.68404663624334,0.0,-40.68404663624334,-0.24363429148458193,5.806818710367001,0.12428118328821325,8.45375264400749,1.807192458134361,47.62510545708959,-22.889469525158738
408,-47.53151751098055,0.0,47.53151751098055,-0.5967401506312597,1.1905951594598752,0.040864638992851254,-0.7141347936342735,0.18811214544935947,-5.717667629102845,-41.92254688151426
409,26.128154066028213,0.0,-26.128154066028213,1.5050556977405298,10.136733496772855,1.0164995374630212,16.16002965810562,0.31225860370849134,47.27495635573734,-50.27737928349965
410,-35.04225636103443,0.0,35.04225636103443,-0.6859711292307695,0.816927928131673,0.22197120482402083,11.809495866755753,0.013288840787659555,-19.623595997124262,-27.594373075178517
411,37.32911569945523,0.0,-37.32911569945523,-0.2630396975661604,6.965153713492519,0.09022120090609331,35.262450002057584,0.13275108501577226,10.496943329208099,-15.355363933658687
412,461.4701906859065,0.0,-461.4701906859065,50.471731159055686,86.87442634434424,5.662087776010791,27.389042633278528,1.1690927472949109,321.4765641638575,-31.5727541379351
413,-5.994682098997924,0.0,5.994682098997924,-0.7779728282956193,3.6080833842326965,0.12215592986570073,17.12682770075893,0.22846856546341765,-6.750057343080836,-19.552187507942214
414,-0.13984509153691604,0.0,0.13984509153691604,-0.011258267603986294,6.051808224548418,0.9396210632948125,30.24320021302529,0.11288649912829654,7.782279731394395,-45.25838255532414
415,-31.430945308065002,0.0,31.430945308065002,-0.36367723887946335,0.8886059723862405,0.052604659972378454,6.503517469483078,0.019581064700585852,-14.044321811625583,-24.487255424102237
416,40.75404911191825,0.0,-40.75404911191825,0.7704447810194863,14.118985167859039,0.18187788285310935,36.33888282329959,0.21381179614182289,13.076967122489767,-23.94692046174456
417,57.431618462914315,0.0,-57.431618462914315,2.9449687056554534,18.81408192485917,0.8920058318994002,20.269952735154007,0.07990825370320279,39.401681163652455,-24.970980152009368
418,54.400638946746525,0.0,-54.400638946746525,0.8412464955489307,4.074370107337293,0.28701137327812115,31.891706079918848,0.026180871830339868,32.293062538512615,-15.01293851967963
419,-16.66058848805729,0.0,16.66058848805729,-0.13180878730518852,4.517792175251225,0.3569342582411958,-0.35333117932628433,0.70053942786864,1.3855759604333553,-23.13629034322023
420,-42.00010403686731,0.0,42.00010403686731,-0.5353959871554315,0.5235483208330449,0.0009896451794118022,1.4989898091468596,-0.006604855546708871,-20.06324030174668,-23.418390667577803
421,35.31284894103908,0.0,-35.31284894103908,1.140906817813374,15.37727698859286,0.5618371777335716,32.44877986482941,1.2242556408532115,35.52149677711185,-50.961704325895205
422,2.370563312426544,0.0,-2.370563312426544,0.8060870883916689,10.676707035919259,0.5522554511110425,5.273570205607917,0.12445926444200633,-4.546925592094912,-10.515590140950437
423,21.60864390211786,0.0,-21.60864390211786,1.6119626305921724,12.284377901836807,1.5291860458643325,20.464356829268997,0.3542285661675748,49.733895532397646,-64.36936360400966
424,-34.915400460161365,0.0,34.915400460161365,-0.35687961846415694,-0.546874329830711,0.03676032489337622,0.8729067686467573,0.009035991434585167,-15.767059636470606,-19.163289960370612
425,75.81966274834322,0.0,-75.81966274834322,4.279262637436226,22.56315585574836,0.9613172417096085,60.59096060003349,0.7424929349737999,28.529383121473607,-41.84690964303186
426,-0.6843028557436774,0.0,0.6843028557436774,-0.48482240881626026,4.930137508194296,0.1552406232240764,24.330747310390837,0.08706521553534799,-11.488813614483202,-18.213857489788772
427,-22.05226776859212,0.0,22.05226776859212,0.12315716001776389,4.283517440619635,0.5404230542602582,5.209826401350441,0.022720112615614102,-11.01859347613322,-21.213318461322615
428,-41.15506964566136,0.0,41.15506964566136,-0.34453066314085445,1.0747184346427434,0.14481955198506496,2.828574023027037,0.004119891982124278,-14.548623752073414,-30.314147132084052
429,23.342763265055684,0.0,-23.342763265055684,-0.8833235134430091,5.906161521211869,0.0957462241302926,5.631819646109485,0.06239728008772855,32.89182604213364,-20.361863935174313
430,385.7576894940372,0.0,-385.7576894940372,69.09724692342125,38.9867961768727,3.850311338265485,22.588481627830244,0.2317954561964514,281.25883190022654,-30.255773928775433
431,38.31216665589264,0.0,-38.31216665589264,2.045339318988381,11.89139043493459,0.9042109769380684,46.29561641743463,1.0022899639453415,39.540643627021566,-63.367324083369944
432,365.85881854479396,0.0,-365.85881854479396,72.13953691362207,35.164500738316136,4.012867202925109,9.07411688877118,0.09841202157324838,276.95355295729115,-31.58416817770493
433,74.43645220257572,0.0,-74.43645220257572,1.2243986299535852,7.148570770911453,0.7156970067919799,53.213747588762715,0.12287866208970868,12.61643587438184,-0.6052763303155686
434,13.86148416758068,0.0,-13.86148416758068,1.771193473844721,5.377582624083228,0.4742064490489832,7.9189404278551825,0.2931009695003003,29.293397789056776,-31.26693756580851
435,-14.38784648652096,0.0,14.38784648652096,-0.4590796067849714,4.4962009312971745,0.162129464170857,28.97730224731159,0.005934839792217112,-5.846424857564159,-41.723909504743666
436,73.42365975789458,0.0,-73.42365975789458,4.011756958516294,27.054982382416448,5.367580347180326,14.733936077131382,1.127216827262228,71.43091264714504,-50.30272548175713
437,-10.300331399520783,0.0,10.300331399520783,0.38587894135944323,5.582218816417164,0.4069089251070181,7.551885819487434,0.03474671982603078,10.285705415542497,-34.547676037260366
438,-33.02869037008719,0.0,33.02869037008719,-0.7417568542233479,1.131276621704926,0.06403672441707026,11.481702919030685,0.04516440820059883,-24.259648386548882,-20.74946580266824
439,17.555349947637676,0.0,-17.555349947637676,1.6454323375279087,4.532979526339831,0.5171098970720347,22.2482219586111,0.07641978838501762,20.36327108128497,-31.82808464158318
440,0.3069102822733605,0.0,-0.3069102822733605,0.02847747029374892,11.754159862427557,0.1903445216131358,28.490329953479453,-0.005575914016242123,1.5834166761703958,-41.73424228769469
441,36.75168703793034,0.0,-36.75168703793034,0.04332153880020817,2.3554910026479345,0.28615801860784446,32.09196230251717,0.2038431401191366,19.212527260990882,-17.44161622575283
442,65.67480557116946,0.0,-65.67480557116946,1.211318594643192,9.504450078554317,0.5666597311663888,44.28686933722218,0.09158993665464737,26.215845272051766,-16.20192737912302
443,4.76712832824985,0.0,-4.76712832824985,-0.2904832787887037,6.227670237552852,0.05719677066396939,24.079943515097757,0.021841959175075615,8.64602576914683,-33.97506664459794
444,32.4545690601729,0.0,-32.4545690601729,-0.7145705637350224,6.535427869026195,0.7416988224416758,32.970454252204256,0.013534477722381769,9.589513977002872,-16.681489774489457
445,-33.2625804615446,0.0,33.2625804615446,-0.22797472549235964,0.6874268444837823,0.027003377446052357,0.91240831281785,0.012731746686608106,-20.463325394773317,-14.210850622713224
446,147.45581995100605,0.0,-147.45581995100605,3.364497214009903,34.972745495877675,1.8398692653042468,56.826115514092315,0.9056450037053955,55.35439105545482,-5.807443597438294
447,54.86831760627858,0.0,-54.86831760627858,-0.12010503309752574,56.39817889972109,3.1847251565231933,7.5819661374692275,0.00238395554828723,20.28696597663358,-32.46579748651927
448,-0.7081630679704425,0.0,0.7081630679704425,-0.20518074611519488,5.918553076686619,0.08186229412515145,22.356128153602764,0.010606106425717216,-0.864880255316951,-28.005251697378547
449,-45.94030484994106,0.0,45.94030484994106,-0.33662675094494654,2.2312080728433217,0.08595915745449823,2.9033640995197585,0.04095920911939948,-19.978225561894302,-30.886943076038783
450,18.60670593416587,0.0,-18.60670593416587,-0.21035311801773338,10.472609127805292,0.1297092629273104,36.78635392834417,0.7116239879655998,7.197594766076536,-36.4808320209353
451,33.24670649069043,0.0,-33.24670649069043,0.904255510061073,12.947088157904469,0.8084391370040409,40.69477529579941,0.0017077155316303147,-0.5095368495698107,-21.60002247604038
452,2.622742202874317,0.0,-2.622742202874317,0.8629867842224015,6.597257256878766,0.3415197218318559,10.52489751458912,0.024183188969003337,26.862594112998323,-42.59069637661515
453,40.36599213650298,0.0,-40.36599213650298,-0.8115751108557341,4.615175894549534,0.1383705946324414,61.073667944566914,0.09052872375745247,0.8071119472069714,-25.547287857354597
454,-5.275740325303669,0.0,5.275740325303669,1.1370525082300813,2.7973495173808005,0.32690261271182414,29.572667672646077,0.027557123299753565,-6.745212008261292,-32.39205775131091
455,1.7650534705590495,0.0,-1.7650534705590495,2.053435606471014,8.398163903156641,0.43748272742132616,26.37468811083715,-0.00718767114380384,3.921408101235988,-39.41293730741926
456,-6.171806639102247,0.0,6.171806639102247,-0.3760199887373332,5.425846389929578,0.25249760188296705,33.54376266982703,0.3294395339777447,13.777447337760721,-59.12478018374295
457,32.973767360024766,0.0,-32.973767360024766,0.15968054150224686,3.9383802787622417,0.16245574568589538,33.88914567688387,0.0633360499833514,4.868169673305507,-10.107400606098338
458,297.02418344179097,0.0,-297.02418344179097,51.29265446241115,29.602817871051773,4.105288941739368,39.11715890258223,0.12299545753862659,230.9058562467026,-58.12258844023476
459,-15.479938535452785,0.0,15.479938535452785,-0.4603204046287055,2.978633401337651,0.2473756900538318,15.463668025605074,0.19052443837012129,5.6796049689097625,-39.57942465510052
460,-8.730137774443268,0.0,8.730137774443268,-0.17491895892622278,6.01740161952724,0.28039343826494495,28.188098957249224,0.10249334805152285,0.9092935459642266,-44.05289972457421
461,-39.48433131202785,0.0,39.48433131202785,-0.9662115870013452,1.0685524799903239,0.10987576231571866,9.121544862344805,0.01137484314627435,-18.697414027833457,-30.132053644990172
462,376.49284523684753,0.0,-376.49284523684753,62.33544353222215,50.30434459578748,6.36528364228129,43.06306182088747,0.45278151792967963,252.20833587580648,-38.23640574806701
463,115.29186239511544,0.0,-115.29186239511544,1.6935504770440701,19.368954214997647,0.9115542241924102,62.76974957358899,0.23943788073102318,67.04833611479553,-36.739720090234236
464,20.148731901383005,0.0,-20.148731901383005,1.120341158717085,9.976539596721262,0.5678817245055781,25.35469987020149,0.003972183231002183,5.356269244402624,-22.23097187639604
465,94.11333347373572,0.0,-94.11333347373572,5.022713781420556,28.290183233384482,6.9433330658802275,22.234384175540388,0.5016855172577461,53.18403450222366,-22.063000801971313
466,60.95963342328952,0.0,-60.95963342328952,0.7834328326341717,15.688435684201865,0.5891812688172509,42.08005799058686,0.5981771092865523,35.69111479811545,-34.47076626035261
467,1.6725133804257162,0.0,-1.6725133804257162,0.39817223740256846,5.419729458334553,0.6113440581268748,14.00081864590948,0.12097571677735752,-0.7485480360670689,-18.129978700058047
468,61.72521162902922,0.0,-61.72521162902922,1.6108615132293211,21.910213529373056,1.19471059734116,49.958548546222275,0.03707253528384235,45.48661865601036,-58.472813748430816
469,9.704133211364177,0.0,-9.704133211364177,0.8739667251522025,3.213850380833336,0.8610443985496632,9.44160580943193,0.032971862053954346,0.21796416283956432,-4.937270127496475
470,-40.83213063231008,0.0,40.83213063231008,0.1840957753924064,1.7806714472196083,0.12640447202764293,0.20250283412164638,-0.004775041492726952,-19.612150189912157,-23.5088799296665
471,-15.778132621906618,0.0,15.778132621906618,-0.6789702426834594,3.9802768420516768,0.04580405912246455,14.345449155613956,0.03687744442314605,-13.071029312169447,-20.436540568264952
472,-27.86815313303421,0.0,27.86815313303421,-1.0442003019711033,1.2033955055507133,0.14764789156914843,11.927680829922924,0.02370233693805022,-16.84820147496296,-23.278177920080985
473,48.06311222336721,0.0,-48.06311222336721,1.365523563627503,15.798568179640887,4.536102265916042,10.509558267830819,0.07314626418922662,57.839105427150635,-42.058891744987896
474,-14.407459839434619,0.0,14.407459839434619,0.5083365053301656,2.61912933615494,0.2745619922212779,10.410495626703895,-0.001296300679187146,-1.9577029163260313,-26.260984082839677
475,333.95342604422314,0.0,-333.95342604422314,52.897937686581336,34.18743326875855,3.56833978121805,36.28344318221654,-0.004270381556246045,241.7820507570197,-34.761508250014764
476,19.485301729284057,0.0,-19.485301729284057,0.12523934040066287,11.963652494297614,0.4049725888311459,16.787846185216285,0.16296651854085986,-11.501347645681133,1.541972247678622
477,33.47904499738091,0.0,-33.47904499738091,0.7487604676067301,4.786196750780739,0.5785341411772085,23.9901750548485,0.24461093889774482,6.985264508208209,-3.85449686413822
478,-8.425940695859257,0.0,8.425940695859257,-0.3642209725576677,4.63102998542025,0.1966274941274705,27.068920281869907,0.021922595288510247,8.139597384131088,-48.11981746413881
479,95.79070092490417,0.0,-95.79070092490417,2.4423349444895104,11.806203147771637,0.940602402236359,70.1511934108521,0.26993989871600405,17.71484711915256,-7.534419998314014
480,21.81342646504177,0.0,-21.81342646504177,-0.5730557639609177,8.409602412252315,0.34139274605605524,47.92357761114644,0.3174032152388603,8.169902795235577,-42.775396550926565
481,-32.37282098749252,0.0,32.37282098749252,-0.5666562383051801,-0.0006061585211871723,0.08995503458281545,2.4346770212077837,0.0811769770818323,-15.839256185025468,-18.57211143851311
482,-23.153294512076695,0.0,23.153294512076695,0.5918995808473939,3.8474463467898077,0.14484437182500304,4.206285440463829,1.162286118491004,-8.618581055689557,-24.48747531480418
483,30.694614370266304,0.0,-30.694614370266304,0.28879488398330855,10.659876749543457,0.22094199574385814,37.23407236347653,0.17038922875577672,1.1227712921760133,-19.002232143412634
484,46.99005010548771,0.0,-46.99005010548771,0.6783845349511424,4.6662809261332345,0.35959691365804375,11.993090835364864,0.7060541702650612,32.02025439297257,-3.4336116678571997
485,-23.814268129845818,0.0,23.814268129845818,-0.4368744734224832,0.4916640021501202,0.4316508673416944,5.277914407869171,0.28834922822496084,-19.08238541255369,-10.784586749455585
486,50.626496939898786,0.0,-50.626496939898786,-0.10582144906214763,13.533943777100545,0.46701113680480505,37.96188827808768,0.46416413502852844,25.079205050641647,-26.77389398870229
487,45.215878853849986,0.0,-45.215878853849986,1.3881437418848868,14.036852526783099,0.4869196384789261,34.73427067845111,0.47460512241395375,39.4864547355803,-45.391367589742295
488,-6.101526515692985,0.0,6.101526515692985,0.417060674448007,5.723959113556269,0.57223226552559,25.3560113754905,0.061416350518876554,6.830323317451251,-45.06252961268347
489,42.16247706241987,0.0,-42.16247706241987,2.5932350285267294,19.405387271096906,0.5955442428376674,15.795430266461508,0.024232956615610826,31.28086629924632,-27.532219002364876
490,-19.390756560960522,0.0,19.390756560960522,-0.6131424556012792,4.057432887660548,0.03626629681643373,24.399895183666956,0.021720593467276055,0.5424750798753273,-47.83540414684578
491,0.21705906138331343,0.0,-0.21705906138331343,-0.6415166916726225,5.178261624182024,0.09943894698613825,29.536655023423734,0.16347256365537555,-6.565110403023802,-27.55414200216753
492,0.38461012775297476,0.0,-0.38461012775297476,0.32024788337584864,0.5732319049555108,0.09519636364026046,10.865787031598998,0.06274139095433379,1.3771620586388398,-12.909756505410819
493,36.01794809670906,0.0,-36.01794809670906,0.19169581879146858,13.859871601720828,0.510757214405051,31.78069933089583,0.10438677071114066,22.054492066224135,-32.48395470603939
494,-13.689291050351919,0.0,13.689291050351919,-0.18870227965287434,0.8884013922893055,0.06293524782630755,7.242192442002863,0.20479344090690244,-11.983495519300522,-9.915415774423899
495,300.37158181650074,0.0,-300.37158181650074,52.592776672964234,30.26114438567878,4.191444993925519,38.07905699368834,-0.00795012118876165,231.8090270828098,-56.55391819137714
496,102.0449653976457,0.0,-102.0449653976457,0.48348436482770785,18.87661411537801,0.6255592697830223,47.123804564071854,0.3500493498288824,43.92150461670231,-9.336050882946083
497,1978.0642099294728,0.0,-1978.0642099294728,1232.71686003581,75.88141493536061,8.056660775833063,50.273644174637965,0.5320889570995146,643.0218967563517,-32.418355705620165
498,64.73630830265668,0.0,-64.73630830265668,1.8298846167647405,9.76522433385805,0.38363285894498106,42.22514160092263,0.49182487839202554,33.10847176952104,-23.0678717557468
499,28.932879977113824,0.0,-28.932879977113824,-0.4975823581075103,3.272230886097773,0.3294604007839487,43.35159216953623,0.09114624417562833,6.550821459084373,-24.164788824456615
500,126.04140478618106,0.0,-126.04140478618106,10.446514115190528,37.494170713442834,1.7890883531527075,20.838275338617617,0.026674742176039372,96.6931175109681,-41.246435987366745
